Event_ID,Batch_ID,Event_Time,Recipe_ID,Step_Name,Event_Type,Expected_Value,Actual_Value,Operator_ID,Event_Status
EVT001,BATCH-2026-001,2026-10-08 08:00:00,RCP-101,Fermentation Start,STEP_STARTED,,,OP001,COMPLETED
EVT002,BATCH-2026-001,2026-10-08 08:05:00,RCP-101,Temperature Control,STEP_COMPLETED,37.0 C,37.2 C,OP001,COMPLETED
EVT003,BATCH-2026-001,2026-10-08 09:30:00,RCP-101,Add Nutrient,STEP_COMPLETED,5.0 L,5.0 L,OP002,COMPLETED
EVT004,BATCH-2026-001,2026-10-08 10:15:00,RCP-101,pH Adjustment,STEP_COMPLETED,6.8,6.8,OP002,COMPLETED
EVT005,BATCH-2026-001,2026-10-08 11:00:00,RCP-101,Oxygen Setpoint,SETPOINT_CHANGE,30 %,28 %,OP003,WARNING
EVT006,BATCH-2026-001,2026-10-08 11:45:00,RCP-101,Harvest,STEP_COMPLETED,,,OP003,COMPLETED
EVT007,BATCH-2026-002,2026-10-08 13:00:00,RCP-102,Fermentation Start,STEP_STARTED,,,OP004,COMPLETED
EVT008,BATCH-2026-002,2026-10-08 13:50:00,RCP-102,Temperature Control,STEP_COMPLETED,36.5 C,36.5 C,OP004,COMPLETED
EVT009,BATCH-2026-002,2026-10-08 14:00:00,RCP-102,Manual Intervention,MANUAL_INTERVENTION,,,OP005,COMPLETED
EVT010,BATCH-2026-002,2026-10-08 14:30:00,RCP-102,Add Nutrient,STEP_COMPLETED,4.5 L,4.8 L,OP005,COMPLETED
EVT011,BATCH-2026-003,2026-10-08 16:10:00,RCP-103,Fermentation Start,STEP_STARTED,,,OP006,COMPLETED
EVT012,BATCH-2026-003,2026-10-08 17:00:00,RCP-103,Temperature Control,STEP_COMPLETED,37.0 C,37.0 C,OP006,COMPLETED
EVT013,BATCH-2026-003,2026-10-08 17:50:00,RCP-103,Filtration,STEP_COMPLETED,,,OP007,COMPLETED
EVT014,BATCH-2026-004,2026-10-08 19:05:00,RCP-104,Fermentation Start,STEP_STARTED,,,OP008,COMPLETED
EVT015,BATCH-2026-004,2026-10-08 20:00:00,RCP-104,Temperature Control,STEP_COMPLETED,36.5 C,ERROR,OP008,FAILED
EVT016,BATCH-2026-004,2026-10-08 20:45:00,RCP-104,Harvest,STEP_COMPLETED,,,OP009,COMPLETED
EVT017,BATCH-2026-005,2026-10-09 08:20:00,RCP-105,Fermentation Start,STEP_STARTED,,,OP010,COMPLETED
EVT018,BATCH-2026-005,2026-10-09 09:10:00,RCP-105,Add Buffer,STEP_COMPLETED,2.0 L,"2,0 L",OP010,COMPLETED
EVT019,BATCH-2026-005,2026-10-09 10:00:00,RCP-105,pH Adjustment,STEP_COMPLETED,7.0,7.2,OP011,WARNING
EVT019,BATCH-2026-005,2026-10-09 10:00:00,RCP-105,pH Adjustment,STEP_COMPLETED,7.0,7.2,OP011,WARNING
