Reading_ID,Batch_ID,Reading_Time,Parameter_Name,Measured_Value,Unit,Sensor_ID,Quality_Flag
RDG001,BATCH-2026-001,2026-10-08 08:00:00,Temperature,37.2,°C,T-001,Valid
RDG002,BATCH-2026-001,2026-10-08 08:05:00,DO,52.0,%,DO-001,Valid
RDG003,BATCH-2026-001,2026-10-08 08:10:00,pH,6.8,pH,PH-001,Valid
RDG004,BATCH-2026-001,2026-10-08 08:15:00,RPM,300,RPM,AG-001,Valid
RDG005,BATCH-2026-001,2026-10-08 08:20:00,Pressure,1.2,bar,PR-001,Valid
RDG006,BATCH-2026-001,2026-10-08 08:25:00,Conductivity,12.5,mS/cm,CD-001,Valid
RDG007,BATCH-2026-002,2026-10-08 09:00:00,Temperature,"42,1",°C,T-001,Valid
RDG008,BATCH-2026-002,2026-10-08 09:05:00,DO,48.5,%,DO-001,Valid
RDG009,BATCH-2026-002,2026-10-08 09:10:00,pH,"6,9",pH,PH-001,Valid
RDG010,BATCH-2026-002,2026-10-08 09:15:00,RPM,305,RPM,AG-001,Valid
RDG011,BATCH-2026-003,2026-10-08 10:00:00,Temperature,-5.0,°C,T-001,Invalid
RDG012,BATCH-2026-003,2026-10-08 10:05:00,Pressure,1.5,bar,PR-001,Valid
RDG013,BATCH-2026-003,2026-10-08 10:10:00,Conductivity,11.8,mS/cm,CD-001,Valid
RDG014,BATCH-2026-004,2026-10-08 11:00:00,Temperature,155.0,°C,T-001,Invalid
RDG015,BATCH-2026-004,2026-10-08 11:05:00,DO,50.2,%,DO-002,Valid
RDG016,BATCH-2026-004,2026-10-08 11:10:00,pH,7.0,pH,PH-002,Valid
RDG017,BATCH-2026-005,2026-10-08 12:00:00,Temperature,38.5,°C,T-001,Valid
RDG018,BATCH-2026-005,2026-10-08 12:05:00,RPM,310,RPM,AG-002,Valid
RDG019,BATCH-2026-005,2026-10-08 12:10:00,Vibration,,mm/s,VB-001,Valid
RDG019,BATCH-2026-005,2026-10-08 12:10:00,Vibration,,mm/s,VB-001,Valid
